event_id,event_title,pokemon,shiny,section,availability,day,habitat,form_hint,costume_hint,source_text
minior_showers_southern_delta_aquariids_2027,Minior Showers: Southern Delta Aquariids 2027,Minior,False,Event,Event,,,,,"Minior Showers: Southern Delta Aquariids 2027 Event Starts Wednesday, July 28, 2027, 5:00 PM Local Time Ends Monday, August 2, 2027, 11:59 PM Local Time Add to calendar ▾ Share Share this event Copy"
minior_showers_southern_delta_aquariids_2027,Minior Showers: Southern Delta Aquariids 2027,Minior,False,Bonuses,Bonus,,,,,Increased Stardust for catching Minior Increased chance to encounter Minior from 5:00 p.m. to 9:00 p.m. local time each day
minior_showers_southern_delta_aquariids_2027,Minior Showers: Southern Delta Aquariids 2027,Minior,False,Bonuses,Wild,,,,,"From 5:00 p.m. to 9:00 p.m. local time every day during each Minior Shower, shooting stars will light up the in-game sky. During these hours, you'll have an increased chance of encountering Minior in the wild!"
minior_showers_southern_delta_aquariids_2027,Minior Showers: Southern Delta Aquariids 2027,Minior,False,Wild Encounters,Wild,,,,,You may encounter Minior in its Meteor Form in the wild during the event. You'll receive increased Stardust for catching Minior .
fall_marathon_buddy_trek,Fall Marathon: Buddy Trek,Bramblin,False,Event,Event,,,,Bramblin makes its Pokemon GO debut during Fall Marathon: Buddy Trek! Explore up to 42 km to earn Ma,"Bramblin makes its Pokemon GO debut during Fall Marathon: Buddy Trek! Explore up to 42 km to earn Marathon Visor Pikachu, enjoy increased chances of encountering Shiny Electrike and Shiny Hisuian Growlithe, and unlock new GO Pass rewards. The event runs from Tuesday, October 13, at 10:00 a.m. to Monday, October 19, 2026, at 8:00 p.m. local time ."
fall_marathon_buddy_trek,Fall Marathon: Buddy Trek,Bramblin,True,Event,Event,,,,Bramblin makes its Pokemon GO debut during Fall Marathon: Buddy Trek! Explore up to 42 km to earn Ma,"Bramblin makes its Pokemon GO debut during Fall Marathon: Buddy Trek! Explore up to 42 km to earn Marathon Visor Pikachu, enjoy increased chances of encountering Shiny Electrike and Shiny Hisuian Growlithe, and unlock new GO Pass rewards. The event runs from Tuesday, October 13, at 10:00 a.m. to Monday, October 19, 2026, at 8:00 p.m. local time ."
fall_marathon_buddy_trek,Fall Marathon: Buddy Trek,Bramblin,False,Event,Event,,,,,"Bramblin, the Tumbleweed Pokemon, will make its Pokemon GO debut!"
fall_marathon_buddy_trek,Fall Marathon: Buddy Trek,Bramblin,False,Field Research,Research,,,,,"You may encounter Bramblin through GO Pass tasks, Incense, and event-themed Field Research."
fall_marathon_buddy_trek,Fall Marathon: Buddy Trek,Bramblin,False,Incense,Incense,,,,,Bramblin
minior_showers_eta_aquariids_2027,Minior Showers: Eta Aquariids 2027,Minior,False,Event,Event,Saturday,,,,"Minior Showers: Eta Aquariids 2027 Event Starts Monday, May 3, 2027, 5:00 PM Local Time Ends Saturday, May 8, 2027, 11:59 PM Local Time Add to calendar ▾ Share Share this event Copy"
minior_showers_eta_aquariids_2027,Minior Showers: Eta Aquariids 2027,Minior,False,Bonuses,Bonus,Saturday,,,,Increased Stardust for catching Minior Increased chance to encounter Minior from 5:00 p.m. to 9:00 p.m. local time each day
minior_showers_eta_aquariids_2027,Minior Showers: Eta Aquariids 2027,Minior,False,Bonuses,Wild,Saturday,,,,"From 5:00 p.m. to 9:00 p.m. local time every day during each Minior Shower, shooting stars will light up the in-game sky. During these hours, you'll have an increased chance of encountering Minior in the wild!"
minior_showers_eta_aquariids_2027,Minior Showers: Eta Aquariids 2027,Minior,False,Wild Encounters,Wild,Saturday,,,,You may encounter Minior in its Meteor Form in the wild during the event. You'll receive increased Stardust for catching Minior .
minior_showers_orionids_2026,Minior Showers: Orionids 2026,Minior,False,Event,Event,Saturday,,,,"Minior Showers: Orionids 2026 Event Starts Monday, October 19, 2026, 5:00 PM Local Time Ends Saturday, October 24, 2026, 11:59 PM Local Time Add to calendar ▾ Share Share this event Copy"
minior_showers_orionids_2026,Minior Showers: Orionids 2026,Minior,False,Bonuses,Bonus,Saturday,,,,Increased Stardust for catching Minior Increased chance to encounter Minior from 5:00 p.m. to 9:00 p.m. local time each day
minior_showers_orionids_2026,Minior Showers: Orionids 2026,Minior,False,Bonuses,Wild,Saturday,,,,"From 5:00 p.m. to 9:00 p.m. local time every day during each Minior Shower, shooting stars will light up the in-game sky. During these hours, you'll have an increased chance of encountering Minior in the wild!"
minior_showers_orionids_2026,Minior Showers: Orionids 2026,Minior,False,Wild Encounters,Wild,Saturday,,,,You may encounter Minior in its Meteor Form in the wild during the event. You'll receive increased Stardust for catching Minior .
minior_showers_perseids_2027,Minior Showers: Perseids 2027,Minior,False,Event,Event,Sunday,,,,"Minior Showers: Perseids 2027 Event Starts Tuesday, August 10, 2027, 5:00 PM Local Time Ends Sunday, August 15, 2027, 11:59 PM Local Time Add to calendar ▾ Share Share this event Copy"
minior_showers_perseids_2027,Minior Showers: Perseids 2027,Minior,False,Bonuses,Bonus,Sunday,,,,Increased Stardust for catching Minior Increased chance to encounter Minior from 5:00 p.m. to 9:00 p.m. local time each day
minior_showers_perseids_2027,Minior Showers: Perseids 2027,Minior,False,Bonuses,Wild,Sunday,,,,"From 5:00 p.m. to 9:00 p.m. local time every day during each Minior Shower, shooting stars will light up the in-game sky. During these hours, you'll have an increased chance of encountering Minior in the wild!"
minior_showers_perseids_2027,Minior Showers: Perseids 2027,Minior,False,Wild Encounters,Wild,Sunday,,,,You may encounter Minior in its Meteor Form in the wild during the event. You'll receive increased Stardust for catching Minior .
wild_area_wild_area_pokemon_go_wild_area_2026_global,Wild Area Wild Area Pokémon GO Wild Area 2026: Global,Unown,False,Incense,Incense,Sunday,Rotating Habitat Hours,,,Ticket holders can also attract the following Unown on both days.
wild_area_wild_area_pokemon_go_wild_area_2026_global,Wild Area Wild Area Pokémon GO Wild Area 2026: Global,Unown,False,Incense,Incense,Sunday,Rotating Habitat Hours,,,Unown D
wild_area_wild_area_pokemon_go_wild_area_2026_global,Wild Area Wild Area Pokémon GO Wild Area 2026: Global,Unown,True,Incense,Incense,Sunday,Rotating Habitat Hours,,,Unown D
minior_showers_leonids_2026,Minior Showers: Leonids 2026,Minior,False,Event,Event,Saturday,,,,"Minior Showers: Leonids 2026 Event Starts Saturday, November 14, 2026, 5:00 PM Local Time Ends Thursday, November 19, 2026, 11:59 PM Local Time Add to calendar ▾ Share Share this event Copy"
minior_showers_leonids_2026,Minior Showers: Leonids 2026,Minior,False,Bonuses,Bonus,Saturday,,,,Increased Stardust for catching Minior Increased chance to encounter Minior from 5:00 p.m. to 9:00 p.m. local time each day
minior_showers_leonids_2026,Minior Showers: Leonids 2026,Minior,False,Bonuses,Wild,Saturday,,,,"From 5:00 p.m. to 9:00 p.m. local time every day during each Minior Shower, shooting stars will light up the in-game sky. During these hours, you'll have an increased chance of encountering Minior in the wild!"
minior_showers_leonids_2026,Minior Showers: Leonids 2026,Minior,False,Wild Encounters,Wild,Saturday,,,,You may encounter Minior in its Meteor Form in the wild during the event. You'll receive increased Stardust for catching Minior .
minior_showers_geminids_2026,Minior Showers: Geminids 2026,Minior,False,Event,Event,Friday,,,,"Minior Showers: Geminids 2026 Event Starts Friday, December 11, 2026, 5:00 PM Local Time Ends Wednesday, December 16, 2026, 11:59 PM Local Time Add to calendar ▾ Share Share this event Copy"
minior_showers_geminids_2026,Minior Showers: Geminids 2026,Minior,False,Bonuses,Bonus,Friday,,,,Increased Stardust for catching Minior Increased chance to encounter Minior from 5:00 p.m. to 9:00 p.m. local time each day
minior_showers_geminids_2026,Minior Showers: Geminids 2026,Minior,False,Bonuses,Wild,Friday,,,,"From 5:00 p.m. to 9:00 p.m. local time every day during each Minior Shower, shooting stars will light up the in-game sky. During these hours, you'll have an increased chance of encountering Minior in the wild!"
minior_showers_geminids_2026,Minior Showers: Geminids 2026,Minior,False,Wild Encounters,Wild,Friday,,,,You may encounter Minior in its Meteor Form in the wild during the event. You'll receive increased Stardust for catching Minior .
